- 0	censo campaña liberal partido dejando si propaganda voto humanidad mejor semejante electoral necesitaba política juventud sido rápida cara calificaron tan aguantar centro soporta hoy casualidad final decimos suárez invierno político
- 1	mil españa residencia dos piel años japón electoral períodos socialista papa gobierno injusticia líder convenio gonzález ama elecciones alma país traje vez felices mayoría utilizando política pobres tres tráfico cuatro
- 2	francés gobierno ejército españa soldados presidente presos francia aires pacto envío ayer brasil partidos inteligencia tras venezolano país aviso ministro contribución parís visitar lucha verso dos afp español mortal exteriores
- 3	detalle cataluña j dos sagrada mas mario gobierno marcos campaña poca elecciones regla independencia permanencia barcelona realizarse ahora entidad presidente finanzas constitucional presentaron partido mexicana cada street aunque jurídicos madrid
- 4	r españa p partido debemos cataluña convivencia gobierno creemos pacto responsabilidades r contradicción reforma daría si lazos ayer islas españoles ayude acuerdo vengo presidente mecanismo país constituido formación separa constitución
- 5	niño años profesores ser docentes si obreros candidato docente gente marina puede localidades ahora humilde vida filósofo solo aula madrid soria aunque santa cuatro comprar política profesión barrio secundaria país
- 6	formato debate emisión país usuarios cara vega candidatos lectores televisión digitales redes horario sociales multimedia tres lector diario gráficos electoral comentarios web bellas través narración programa interacción cita invitados cada
- 7	embajada ataque agente embajada herido policía gol mejor heridos españa montón según grados junto clubes ganar herrera casa edificios dijo escuche ayer jugadores sido homenaje líder isidro alicante oviedo dos
- 8	prestación gobierno satisfacción candidato hijas corrupción villanueva partido comida socialista star presidente suegra día llamando justicia jardines caso sienta cara dependiente madrid cinta líder árbol dos lago ley comiendo pasado
- 9	fiscal reforma ingresos laboral pobreza españa reducción gobierno delitos años empleos millones ajuste programa femenino impuestos indemnización fiscal productivo empleo fijo según empleados déficit adicionales año acordar comisión sucio economía
- 10	pretensiones partido cuándo federal características si halla general post secretario llegaba socialistas inconveniente congreso imposición comité estatutos gobierno mandan socialista page líder danza ayer humildad fuerzas ordinaria díaz iremos cataluña
- 11	dictadura política falso españa monarquía político cuotas si tratado poder añadido partido inmediatamente partidos juegos solo categoría bien siglos ahora ciudadana sido caballo democracia dignidad forma sueño electoral contradicciones española
- 12	l gobierno daño si retos elecciones factor partido pc mayoría ampliamente partidos relativa fuerzas castigo formar conduce votos descenso puede deseos aunque sumamente ser legislativo políticas acabamos campaña conclusiones fuerza
- 13	dure presidente paquete gobierno manejar elecciones requieren líder tope funciones externo rey constituyen españa regalo ahora instalaciones si ejecutar semana echando dirigentes disculpa dos registrarse quiere lento política amplitud ayer
- 14	escucho debate gustan líder hagamos presidente numerosos país norteamericano cara armada candidato relativamente debates métodos ayer verdaderamente gobierno conectados campaña destinados solo valorado candidatos venga partido personalmente tres miren lunes
- 15	entretenimiento campaña formatos programas factores televisión ruiz partidos pop política aventura políticos aguilar candidatos vínculo equipo deportivos electoral conversión tras gratuitos entretenimiento vera cada veracruz medios barato nuevos llego socialista
- 16	reglamento congreso senadores cámara requisitos mesa gutiérrez acuerdo cumplen diputados proposiciones grupos marcelo dos nombramiento grupo raíz presidente naturales ayer elige partidos juramento partido disolución legislatura solos constitución variación lópez
- 17	trinidad socialista bolsa gobierno delegado secretario cortés candidato serrano general oo millones financiero frente rodrigo dos conciencia debate mortalidad grupo enojo parte rutina aunque generalmente pasado estudiantes líder volkswagen luis
- 18	región partido municipio elecciones tomás votos distritos resultado llame dos cena madrid aparente solo básicamente voto girona años cae fuerza pierden diputados registrada socialistas original ayer fidelidad generales quinta menos
- 19	condena presidente amistad candidato cárcel líder detenido ayer contento si f violencia coger gobierno fomento mas agradezco mensaje antecedentes escribió dependencias secretario afecto tras tremendo solidaridad grabación dijo recibo condena
